{"cameraMode":{"drawMode":0,"name":"Shaded","section":"Shading Mode"},"sceneLighting":true,"audioPlay":false,"sceneViewState":{"showFog":false,"showMaterialUpdate":false,"showSkybox":false,"showFlares":false,"showImageEffects":false,"showParticleSystems":false},"in2DMode":false,"pivot":{"x":-0.1399993896484375,"y":-0.350006103515625,"z":-47.85000228881836},"rotation":{"x":0.09554467350244522,"y":0.8391900062561035,"z":-0.1566120684146881,"w":0.5119719505310059},"size":242.4871063232422,"orthographic":false}