{"cameraMode":{"drawMode":0,"name":"Shaded","section":"Shading Mode"},"sceneLighting":true,"audioPlay":false,"sceneViewState":{"showFog":false,"showMaterialUpdate":false,"showSkybox":false,"showFlares":false,"showImageEffects":false,"showParticleSystems":false},"in2DMode":false,"pivot":{"x":1139.5408935546875,"y":231.53863525390626,"z":-507.78851318359377},"rotation":{"x":-0.055645134299993518,"y":0.3717424273490906,"z":-0.022353053092956544,"w":-0.9264386296272278},"size":464.7627258300781,"orthographic":false}